job	done	semisynth_synthetic_lin_d5_ht0.5_linear_n50000.method_names	semisynth_synthetic_lin_d5_ht0.5_linear_n50000.estimates	semisynth_synthetic_lin_d5_ht0.5_linear_n50000.estimates_finite	semisynth_synthetic_lin_d5_ht0.5_linear_n50000.biases	semisynth_synthetic_lin_d5_ht0.5_linear_n50000.sigmas	semisynth_synthetic_lin_d5_ht0.5_linear_n50000.rmse	semisynth_synthetic_lin_d5_ht0.5_linear_n50000.n_experiments	semisynth_synthetic_lin_d5_ht0.5_linear_n50000.finite_per_method	semisynth_synthetic_lin_d5_ht0.5_linear_n50000.n_attempted	semisynth_synthetic_lin_d5_ht0.5_linear_n50000.treatment_effect	semisynth_synthetic_lin_d5_ht0.5_linear_n50000.n_samples	semisynth_synthetic_lin_d5_ht0.5_linear_n50000.n_covariates	semisynth_synthetic_lin_d5_ht0.5_linear_n50000.support_size	semisynth_synthetic_lin_d5_ht0.5_linear_n50000.nuisance	semisynth_synthetic_lin_d5_ht0.5_linear_n50000.nonlinear_confounding	semisynth_synthetic_lin_d5_ht0.5_linear_n50000.heavy_tail_eta	semisynth_synthetic_lin_d5_ht0.5_linear_n50000.eta_beta	semisynth_synthetic_lin_d5_ht0.5_linear_n50000.high_dim	semisynth_synthetic_lin_d5_ht0.5_linear_n50000.heteroscedastic_eps	semisynth_synthetic_lin_d5_ht0.5_linear_n50000.sigma_eta	semisynth_synthetic_lin_d5_ht0.5_linear_n50000.sigma_outcome	semisynth_synthetic_lin_d5_ht0.5_linear_n50000.dataset	semisynth_synthetic_lin_d5_ht0.5_linear_n50000.predisentangle_method	semisynth_synthetic_lin_d5_ht0.5_linear_n50000.n_components	semisynth_synthetic_lin_d5_ht0.5_linear_n50000.eps_beta	semisynth_synthetic_lin_d5_ht0.5_linear_n50000.bootstrap	semisynth_synthetic_lin_d5_ht1.0_linear_n50000.method_names	semisynth_synthetic_lin_d5_ht1.0_linear_n50000.estimates	semisynth_synthetic_lin_d5_ht1.0_linear_n50000.estimates_finite	semisynth_synthetic_lin_d5_ht1.0_linear_n50000.biases	semisynth_synthetic_lin_d5_ht1.0_linear_n50000.sigmas	semisynth_synthetic_lin_d5_ht1.0_linear_n50000.rmse	semisynth_synthetic_lin_d5_ht1.0_linear_n50000.n_experiments	semisynth_synthetic_lin_d5_ht1.0_linear_n50000.finite_per_method	semisynth_synthetic_lin_d5_ht1.0_linear_n50000.n_attempted	semisynth_synthetic_lin_d5_ht1.0_linear_n50000.treatment_effect	semisynth_synthetic_lin_d5_ht1.0_linear_n50000.n_samples	semisynth_synthetic_lin_d5_ht1.0_linear_n50000.n_covariates	semisynth_synthetic_lin_d5_ht1.0_linear_n50000.support_size	semisynth_synthetic_lin_d5_ht1.0_linear_n50000.nuisance	semisynth_synthetic_lin_d5_ht1.0_linear_n50000.nonlinear_confounding	semisynth_synthetic_lin_d5_ht1.0_linear_n50000.heavy_tail_eta	semisynth_synthetic_lin_d5_ht1.0_linear_n50000.eta_beta	semisynth_synthetic_lin_d5_ht1.0_linear_n50000.high_dim	semisynth_synthetic_lin_d5_ht1.0_linear_n50000.heteroscedastic_eps	semisynth_synthetic_lin_d5_ht1.0_linear_n50000.sigma_eta	semisynth_synthetic_lin_d5_ht1.0_linear_n50000.sigma_outcome	semisynth_synthetic_lin_d5_ht1.0_linear_n50000.dataset	semisynth_synthetic_lin_d5_ht1.0_linear_n50000.predisentangle_method	semisynth_synthetic_lin_d5_ht1.0_linear_n50000.n_components	semisynth_synthetic_lin_d5_ht1.0_linear_n50000.eps_beta	semisynth_synthetic_lin_d5_ht1.0_linear_n50000.bootstrap	semisynth_synthetic_lin_d5_ht2.0_linear_n50000.method_names	semisynth_synthetic_lin_d5_ht2.0_linear_n50000.estimates	semisynth_synthetic_lin_d5_ht2.0_linear_n50000.estimates_finite	semisynth_synthetic_lin_d5_ht2.0_linear_n50000.biases	semisynth_synthetic_lin_d5_ht2.0_linear_n50000.sigmas	semisynth_synthetic_lin_d5_ht2.0_linear_n50000.rmse	semisynth_synthetic_lin_d5_ht2.0_linear_n50000.n_experiments	semisynth_synthetic_lin_d5_ht2.0_linear_n50000.finite_per_method	semisynth_synthetic_lin_d5_ht2.0_linear_n50000.n_attempted	semisynth_synthetic_lin_d5_ht2.0_linear_n50000.treatment_effect	semisynth_synthetic_lin_d5_ht2.0_linear_n50000.n_samples	semisynth_synthetic_lin_d5_ht2.0_linear_n50000.n_covariates	semisynth_synthetic_lin_d5_ht2.0_linear_n50000.support_size	semisynth_synthetic_lin_d5_ht2.0_linear_n50000.nuisance	semisynth_synthetic_lin_d5_ht2.0_linear_n50000.nonlinear_confounding	semisynth_synthetic_lin_d5_ht2.0_linear_n50000.heavy_tail_eta	semisynth_synthetic_lin_d5_ht2.0_linear_n50000.eta_beta	semisynth_synthetic_lin_d5_ht2.0_linear_n50000.high_dim	semisynth_synthetic_lin_d5_ht2.0_linear_n50000.heteroscedastic_eps	semisynth_synthetic_lin_d5_ht2.0_linear_n50000.sigma_eta	semisynth_synthetic_lin_d5_ht2.0_linear_n50000.sigma_outcome	semisynth_synthetic_lin_d5_ht2.0_linear_n50000.dataset	semisynth_synthetic_lin_d5_ht2.0_linear_n50000.predisentangle_method	semisynth_synthetic_lin_d5_ht2.0_linear_n50000.n_components	semisynth_synthetic_lin_d5_ht2.0_linear_n50000.eps_beta	semisynth_synthetic_lin_d5_ht2.0_linear_n50000.bootstrap
job_0000	True	shape=(7,)	shape=(25, 7)	shape=(25, 7)	shape=(7,)	shape=(7,)	shape=(7,)	25.0	shape=(7,)	25.0	1.0	50000.0	5.0	5.0	linear	0.0	1.0	0.5	0.0	0.0	1.0	1.0	synthetic	pca	5.0	0.5	0.0																																																				
job_0001	True																											shape=(7,)	shape=(25, 7)	shape=(25, 7)	shape=(7,)	shape=(7,)	shape=(7,)	25.0	shape=(7,)	25.0	1.0	50000.0	5.0	5.0	linear	0.0	1.0	1.0	0.0	0.0	1.0	1.0	synthetic	pca	5.0	0.5	0.0																										
job_0002	True																																																					shape=(7,)	shape=(25, 7)	shape=(25, 7)	shape=(7,)	shape=(7,)	shape=(7,)	25.0	shape=(7,)	25.0	1.0	50000.0	5.0	5.0	linear	0.0	1.0	2.0	0.0	0.0	1.0	1.0	synthetic	pca	5.0	0.5	0.0
job_0003	True	shape=(7,)	shape=(25, 7)	shape=(25, 7)	shape=(7,)	shape=(7,)	shape=(7,)	25.0	shape=(7,)	25.0	1.0	50000.0	5.0	5.0	linear	0.0	1.0	0.5	0.0	0.0	1.0	1.0	synthetic	pca	5.0	1.0	0.0																																																				
job_0004	True																											shape=(7,)	shape=(25, 7)	shape=(25, 7)	shape=(7,)	shape=(7,)	shape=(7,)	25.0	shape=(7,)	25.0	1.0	50000.0	5.0	5.0	linear	0.0	1.0	1.0	0.0	0.0	1.0	1.0	synthetic	pca	5.0	1.0	0.0																										
job_0005	True																																																					shape=(7,)	shape=(25, 7)	shape=(25, 7)	shape=(7,)	shape=(7,)	shape=(7,)	25.0	shape=(7,)	25.0	1.0	50000.0	5.0	5.0	linear	0.0	1.0	2.0	0.0	0.0	1.0	1.0	synthetic	pca	5.0	1.0	0.0
job_0006	True	shape=(7,)	shape=(25, 7)	shape=(25, 7)	shape=(7,)	shape=(7,)	shape=(7,)	25.0	shape=(7,)	25.0	1.0	50000.0	5.0	5.0	linear	0.0	1.0	0.5	0.0	0.0	1.0	1.0	synthetic	pca	5.0	2.0	0.0																																																				
job_0007	True																											shape=(7,)	shape=(25, 7)	shape=(25, 7)	shape=(7,)	shape=(7,)	shape=(7,)	25.0	shape=(7,)	25.0	1.0	50000.0	5.0	5.0	linear	0.0	1.0	1.0	0.0	0.0	1.0	1.0	synthetic	pca	5.0	2.0	0.0																										
job_0008	True																																																					shape=(7,)	shape=(25, 7)	shape=(25, 7)	shape=(7,)	shape=(7,)	shape=(7,)	25.0	shape=(7,)	25.0	1.0	50000.0	5.0	5.0	linear	0.0	1.0	2.0	0.0	0.0	1.0	1.0	synthetic	pca	5.0	2.0	0.0
